Metric,Value
APD,3.595332384109497
ADE,0.5479194521903992
FDE,0.6977887153625488
MMADE,1.4531010389328003
MMFDE,1.321789026260376
