Metric,Value
APD,3.119396209716797
ADE,0.2697042524814605
FDE,0.3160316050052643
MMADE,0.3668128848075866
MMFDE,0.3732824623584747
