Metric,Value
APD,3.119396209716797
ADE,0.26970425248146057
FDE,0.3160316050052643
MMADE,0.36681288480758667
MMFDE,0.37328246235847473
