Metric,Value
APD,2.3746442794799805
ADE,0.1642753928899765
FDE,0.15105722844600677
MMADE,0.18610240519046783
MMFDE,0.16219750046730042
