Metric,Value
APD,2.3746442794799805
ADE,0.1642753928899765
FDE,0.1510572284460067
MMADE,0.1861024051904678
MMFDE,0.1621975004673004
